Term	Accession	Genes (tot)	Stat (non-dir.) p	p adj (non-dir.)	Significant..in.gene.set.	Non.significant..in.gene.set.	Significant..not.in.gene.set.	Non.significant..not.in.gene.set.	effect.size
GO:0000030	mannosyltransferase activity	 6	1	1	0	6	249	948	0
GO:0000049	tRNA binding	 5	0.687054425491099	1	1	4	248	950	0.966265060240964
GO:0000070	mitotic sister chromatid segregation	 6	0.0189268305394769	1	4	2	245	952	3.22088353413655
GO:0000086	G2/M transition of mitotic cell cycle	 5	1	1	0	5	249	949	0
GO:0000122	negative regulation of transcription by RNA polymerase II	66	0.632412324471711	1	13	53	236	901	0.951624680540343
GO:0000139	Golgi membrane	33	0.541050487774811	1	7	26	242	928	1.02482657904345
GO:0000151	ubiquitin ligase complex	 5	0.687054425491099	1	1	4	248	950	0.966265060240964
GO:0000165	MAPK cascade	 7	1	1	0	7	249	947	0
GO:0000186	activation of MAPKK activity	 5	0.687054425491099	1	1	4	248	950	0.966265060240964
GO:0000187	activation of MAPK activity	 7	1	1	0	7	249	947	0
GO:0000209	protein polyubiquitination	11	0.922928562642289	1	1	10	248	944	0.43921139101862
GO:0000226	microtubule cytoskeleton organization	 7	0.803667410040068	1	1	6	248	948	0.690189328743546
GO:0000278	mitotic cell cycle	 8	0.517540566979733	1	2	6	247	948	1.2078313253012
GO:0000287	magnesium ion binding	20	0.81688747327831	1	3	17	246	937	0.724698795180723
GO:0000381	regulation of alternative mRNA splicing, via spliceosome	 6	0.752099039892365	1	1	5	248	949	0.805220883534137
GO:0000398	mRNA splicing, via spliceosome	10	0.902599338169757	1	1	9	248	945	0.483132530120482
GO:0000724	double-strand break repair via homologous recombination	 5	0.687054425491099	1	1	4	248	950	0.966265060240964
GO:0000775	chromosome, centromeric region	11	0.00231074395442135	0.669515286845052	7	4	242	950	3.07447973713034
GO:0000776	kinetochore	11	0.0566239678792248	1	5	6	244	948	2.1960569550931
GO:0000777	condensed chromosome kinetochore	 9	0.0221727542885775	1	5	4	244	950	2.68406961178046
GO:0000781	chromosome, telomeric region	 7	1	1	0	7	249	947	0
GO:0000784	nuclear chromosome, telomeric region	 8	0.844542673334402	1	1	7	248	947	0.603915662650602
GO:0000785	chromatin	16	0.875069035371912	1	2	14	247	940	0.603915662650602
GO:0000790	nuclear chromatin	23	0.995436242165516	1	1	22	248	932	0.210057621791514
GO:0000792	heterochromatin	 5	0.276931014687328	1	2	3	247	951	1.93253012048193
GO:0000902	cell morphogenesis	 5	0.687054425491099	1	1	4	248	950	0.966265060240964
GO:0000922	spindle pole	15	0.181454851310688	1	5	10	244	944	1.61044176706827
GO:0000977	RNA polymerase II regulatory region sequence-specific DNA binding	33	0.541050487774811	1	7	26	242	928	1.02482657904345
GO:0000978	RNA polymerase II cis-regulatory region sequence-specific DNA binding	41	0.334614197765295	1	10	31	239	923	1.1783720246841
GO:0000979	RNA polymerase II core promoter sequence-specific DNA binding	 6	1	1	0	6	249	948	0
GO:0000981	DNA-binding transcription factor activity, RNA polymerase II-specific	27	0.176909880663616	1	8	19	241	935	1.43150379294958
GO:0000987	cis-regulatory region sequence-specific DNA binding	10	0.902599338169757	1	1	9	248	945	0.483132530120482
GO:0001102	RNA polymerase II activating transcription factor binding	 6	1	1	0	6	249	948	0
GO:0001103	RNA polymerase II repressing transcription factor binding	 8	1	1	0	8	249	946	0
GO:0001227	DNA-binding transcription repressor activity, RNA polymerase II-specific	16	0.429963912094031	1	4	12	245	942	1.2078313253012
GO:0001228	DNA-binding transcription activator activity, RNA polymerase II-specific	32	0.67850682408067	1	6	26	243	928	0.905873493975904
GO:0001501	skeletal system development	 6	0.107130337092445	1	3	3	246	951	2.41566265060241
GO:0001503	ossification	 9	0.094361981783437	1	4	5	245	949	2.14725568942436
GO:0001525	angiogenesis	24	0.902559620457608	1	3	21	246	933	0.603915662650602
GO:0001540	amyloid-beta binding	 5	1	1	0	5	249	949	0
GO:0001568	blood vessel development	 7	0.803667410040068	1	1	6	248	948	0.690189328743546
GO:0001569	branching involved in blood vessel morphogenesis	 5	0.687054425491099	1	1	4	248	950	0.966265060240964
GO:0001570	vasculogenesis	 6	0.36183135348477	1	2	4	247	950	1.61044176706827
GO:0001649	osteoblast differentiation	 5	0.687054425491099	1	1	4	248	950	0.966265060240964
GO:0001650	fibrillar center	11	0.69930709344444	1	2	9	247	945	0.87842278203724
GO:0001657	ureteric bud development	 5	0.276931014687328	1	2	3	247	951	1.93253012048193
GO:0001658	branching involved in ureteric bud morphogenesis	 5	0.276931014687328	1	2	3	247	951	1.93253012048193
GO:0001662	behavioral fear response	 5	0.687054425491099	1	1	4	248	950	0.966265060240964
GO:0001666	response to hypoxia	16	0.429963912094031	1	4	12	245	942	1.2078313253012
GO:0001701	in utero embryonic development	25	0.0547640068094273	1	9	16	240	938	1.73927710843374
GO:0001725	stress fiber	11	0.176035306935277	1	4	7	245	947	1.75684556407448
GO:0001726	ruffle	 6	1	1	0	6	249	948	0
GO:0001755	neural crest cell migration	 7	1	1	0	7	249	947	0
GO:0001756	somitogenesis	 7	0.803667410040068	1	1	6	248	948	0.690189328743546
GO:0001764	neuron migration	 9	0.876935036798614	1	1	8	248	946	0.536813922356091
GO:0001786	phosphatidylserine binding	 5	0.687054425491099	1	1	4	248	950	0.966265060240964
GO:0001822	kidney development	12	0.00457530995811562	0.807542207607408	7	5	242	949	2.81827309236948
GO:0001837	epithelial to mesenchymal transition	 5	0.276931014687328	1	2	3	247	951	1.93253012048193
GO:0001843	neural tube closure	 7	1	1	0	7	249	947	0
GO:0001889	liver development	 6	0.752099039892365	1	1	5	248	949	0.805220883534137
GO:0001892	embryonic placenta development	 5	0.687054425491099	1	1	4	248	950	0.966265060240964
GO:0001932	regulation of protein phosphorylation	 7	0.803667410040068	1	1	6	248	948	0.690189328743546
GO:0001933	negative regulation of protein phosphorylation	10	0.343193530270208	1	3	7	246	947	1.44939759036145
GO:0001934	positive regulation of protein phosphorylation	18	0.309497267105709	1	5	13	244	941	1.34203480589023
GO:0001942	hair follicle development	 7	0.803667410040068	1	1	6	248	948	0.690189328743546
GO:0001947	heart looping	 5	1	1	0	5	249	949	0
GO:0001953	negative regulation of cell-matrix adhesion	 5	0.687054425491099	1	1	4	248	950	0.966265060240964
GO:0002039	p53 binding	 6	1	1	0	6	249	948	0
GO:0002040	sprouting angiogenesis	 5	0.276931014687328	1	2	3	247	951	1.93253012048193
GO:0002244	hematopoietic progenitor cell differentiation	 9	1	1	0	9	249	945	0
GO:0002376	immune system process	22	0.698878110575935	1	4	18	245	936	0.87842278203724
GO:0003007	heart morphogenesis	 5	0.687054425491099	1	1	4	248	950	0.966265060240964
GO:0003009	skeletal muscle contraction	 5	0.687054425491099	1	1	4	248	950	0.966265060240964
GO:0003151	outflow tract morphogenesis	 6	0.752099039892365	1	1	5	248	949	0.805220883534137
GO:0003382	epithelial cell morphogenesis	 5	0.276931014687328	1	2	3	247	951	1.93253012048193
GO:0003678	DNA helicase activity	 5	0.687054425491099	1	1	4	248	950	0.966265060240964
GO:0003682	chromatin binding	35	0.288053442833965	1	9	26	240	928	1.24234079173838
GO:0003690	double-stranded DNA binding	 9	0.876935036798614	1	1	8	248	946	0.536813922356091
GO:0003697	single-stranded DNA binding	 7	0.803667410040068	1	1	6	248	948	0.690189328743546
GO:0003700	DNA-binding transcription factor activity	72	0.846830495645989	1	12	60	237	894	0.805220883534137
GO:0003707	steroid hormone receptor activity	 6	1	1	0	6	249	948	0
GO:0003712	transcription coregulator activity	 9	1	1	0	9	249	945	0
GO:0003713	transcription coactivator activity	19	0.928854451264133	1	2	17	247	937	0.50856055802156
GO:0003714	transcription corepressor activity	15	0.377968339802331	1	4	11	245	943	1.28835341365462
GO:0003723	RNA binding	59	0.991184281330839	1	6	53	243	901	0.491321217071677
GO:0003729	mRNA binding	17	0.981169668345416	1	1	16	248	938	0.284195605953225
GO:0003774	motor activity	15	0.377968339802331	1	4	11	245	943	1.28835341365462
GO:0003777	microtubule motor activity	 8	0.517540566979733	1	2	6	247	948	1.2078313253012
GO:0003779	actin binding	33	0.0260227032555845	1	12	21	237	933	1.75684556407448
GO:0003824	catalytic activity	27	0.498570744998997	1	6	21	243	933	1.07362784471218
GO:0003924	GTPase activity	13	0.786061224617409	1	2	11	247	943	0.743280815569972
GO:0004197	cysteine-type endopeptidase activity	 6	0.752099039892365	1	1	5	248	949	0.805220883534137
GO:0004386	helicase activity	12	0.745832365559429	1	2	10	247	944	0.805220883534137
GO:0004402	histone acetyltransferase activity	 7	1	1	0	7	249	947	0
GO:0004518	nuclease activity	 7	0.159687689681337	1	3	4	246	950	2.07056798623064
GO:0004672	protein kinase activity	47	0.979669045838131	1	5	42	244	912	0.513970776723917
GO:0004674	protein serine/threonine kinase activity	36	0.959533080488053	1	4	32	245	922	0.536813922356091
GO:0004713	protein tyrosine kinase activity	10	0.902599338169757	1	1	9	248	945	0.483132530120482
GO:0004714	transmembrane receptor protein tyrosine kinase activity	 7	0.803667410040068	1	1	6	248	948	0.690189328743546
GO:0004721	phosphoprotein phosphatase activity	13	0.951775466281311	1	1	12	248	942	0.371640407784986
GO:0004722	protein serine/threonine phosphatase activity	 8	1	1	0	8	249	946	0
GO:0004724	magnesium-dependent protein serine/threonine phosphatase activity	 5	1	1	0	5	249	949	0
GO:0004725	protein tyrosine phosphatase activity	 8	0.844542673334402	1	1	7	248	947	0.603915662650602
GO:0004842	ubiquitin-protein transferase activity	27	0.842766626272382	1	4	23	245	931	0.715751896474788
GO:0004843	thiol-dependent ubiquitin-specific protease activity	15	0.969852125537646	1	1	14	248	940	0.322088353413655
GO:0004879	nuclear receptor activity	 6	1	1	0	6	249	948	0
GO:0004888	transmembrane signaling receptor activity	 8	0.517540566979733	1	2	6	247	948	1.2078313253012
GO:0004930	G protein-coupled receptor activity	20	0.62011875351667	1	4	16	245	938	0.966265060240964
GO:0005085	guanyl-nucleotide exchange factor activity	12	0.466680732869497	1	3	9	246	945	1.2078313253012
GO:0005089	Rho guanyl-nucleotide exchange factor activity	 7	0.159687689681337	1	3	4	246	950	2.07056798623064
GO:0005096	GTPase activator activity	32	0.0488919705517311	1	11	21	238	933	1.66076807228916
GO:0005102	signaling receptor binding	13	0.0343308602355191	1	6	7	243	947	2.22984244670992
GO:0005158	insulin receptor binding	 6	0.752099039892365	1	1	5	248	949	0.805220883534137
GO:0005200	structural constituent of cytoskeleton	 7	0.159687689681337	1	3	4	246	950	2.07056798623064
GO:0005201	extracellular matrix structural constituent	 6	0.36183135348477	1	2	4	247	950	1.61044176706827
GO:0005216	ion channel activity	 6	0.752099039892365	1	1	5	248	949	0.805220883534137
GO:0005244	voltage-gated ion channel activity	 6	0.752099039892365	1	1	5	248	949	0.805220883534137
GO:0005245	voltage-gated calcium channel activity	 5	0.276931014687328	1	2	3	247	951	1.93253012048193
GO:0005262	calcium channel activity	 8	0.218133575085373	1	3	5	246	949	1.81174698795181
GO:0005506	iron ion binding	 5	0.687054425491099	1	1	4	248	950	0.966265060240964
GO:0005507	copper ion binding	 5	0.687054425491099	1	1	4	248	950	0.966265060240964
GO:0005509	calcium ion binding	37	0.122693747709028	1	11	26	238	928	1.43633995441224
GO:0005516	calmodulin binding	18	0.309497267105709	1	5	13	244	941	1.34203480589023
GO:0005525	GTP binding	21	0.661036002089251	1	4	17	245	937	0.920252438324727
GO:0005546	phosphatidylinositol-4,5-bisphosphate binding	 6	0.752099039892365	1	1	5	248	949	0.805220883534137
GO:0005576	extracellular region	59	0.044998424061616	1	18	41	231	913	1.47396365121503
GO:0005581	collagen trimer	 5	0.276931014687328	1	2	3	247	951	1.93253012048193
GO:0005604	basement membrane	11	0.922928562642289	1	1	10	248	944	0.43921139101862
GO:0005615	extracellular space	49	0.579064384792766	1	10	39	239	915	0.985984755347922
GO:0005623	cell	75	0.884344976610504	1	12	63	237	891	0.773012048192771
GO:0005635	nuclear envelope	11	0.176035306935277	1	4	7	245	947	1.75684556407448
GO:0005637	nuclear inner membrane	10	0.645956324458325	1	2	8	247	946	0.966265060240964
GO:0005643	nuclear pore	 5	0.687054425491099	1	1	4	248	950	0.966265060240964
GO:0005667	transcription factor complex	19	0.182033345486115	1	6	13	243	941	1.52568167406468
GO:0005669	transcription factor TFIID complex	 5	1	1	0	5	249	949	0
GO:0005681	spliceosomal complex	11	0.69930709344444	1	2	9	247	945	0.87842278203724
GO:0005694	chromosome	35	0.288053442833965	1	9	26	240	928	1.24234079173838
GO:0005730	nucleolus	64	0.885434371270795	1	10	54	239	900	0.754894578313253
GO:0005739	mitochondrion	90	0.398653080551962	1	20	70	229	884	1.07362784471218
GO:0005741	mitochondrial outer membrane	14	0.578848794704899	1	3	11	246	943	1.03528399311532
GO:0005743	mitochondrial inner membrane	15	0.629068908430541	1	3	12	246	942	0.966265060240964
GO:0005758	mitochondrial intermembrane space	 6	0.752099039892365	1	1	5	248	949	0.805220883534137
GO:0005759	mitochondrial matrix	12	0.745832365559429	1	2	10	247	944	0.805220883534137
GO:0005764	lysosome	25	0.917376881427705	1	3	22	246	932	0.579759036144578
GO:0005765	lysosomal membrane	 7	1	1	0	7	249	947	0
GO:0005768	endosome	51	0.930027611087453	1	7	44	242	910	0.663123080557524
GO:0005769	early endosome	20	0.990720378168581	1	1	19	248	935	0.241566265060241
GO:0005770	late endosome	10	1	1	0	10	249	944	0
GO:0005776	autophagosome	 6	0.752099039892365	1	1	5	248	949	0.805220883534137
GO:0005777	peroxisome	 7	0.803667410040068	1	1	6	248	948	0.690189328743546
GO:0005788	endoplasmic reticulum lumen	 6	0.752099039892365	1	1	5	248	949	0.805220883534137
GO:0005789	endoplasmic reticulum membrane	62	0.531371238977806	1	13	49	236	905	1.01301982122037
GO:0005790	smooth endoplasmic reticulum	 5	0.687054425491099	1	1	4	248	950	0.966265060240964
GO:0005802	trans-Golgi network	12	1	1	0	12	249	942	0
GO:0005813	centrosome	57	0.396289786027247	1	13	44	236	910	1.10188120904671
GO:0005814	centriole	14	0.578848794704899	1	3	11	246	943	1.03528399311532
GO:0005815	microtubule organizing center	24	0.765249825872973	1	4	20	245	934	0.805220883534137
GO:0005819	spindle	14	0.0135233640577496	1	7	7	242	947	2.41566265060241
GO:0005865	striated muscle thin filament	 5	0.276931014687328	1	2	3	247	951	1.93253012048193
GO:0005871	kinesin complex	 6	0.36183135348477	1	2	4	247	950	1.61044176706827
GO:0005874	microtubule	24	0.37637823288886	1	6	18	243	936	1.2078313253012
GO:0005884	actin filament	 6	0.752099039892365	1	1	5	248	949	0.805220883534137
GO:0005887	integral component of plasma membrane	46	0.0741303291654105	1	14	32	235	922	1.4704033525406
GO:0005901	caveola	 8	0.218133575085373	1	3	5	246	949	1.81174698795181
GO:0005903	brush border	 5	0.276931014687328	1	2	3	247	951	1.93253012048193
GO:0005905	clathrin-coated pit	 5	1	1	0	5	249	949	0
GO:0005911	cell-cell junction	22	0.865597130250258	1	3	19	246	935	0.65881708652793
GO:0005912	adherens junction	17	0.716644729652607	1	3	14	246	940	0.852586817859674
GO:0005923	bicellular tight junction	10	1	1	0	10	249	944	0
GO:0005925	focal adhesion	14	0.325564742871226	1	4	10	245	944	1.38037865748709
GO:0005929	cilium	24	0.212100067281005	1	7	17	242	937	1.40913654618474
GO:0005930	axoneme	 7	0.442688819006143	1	2	5	247	949	1.38037865748709
GO:0005938	cell cortex	10	0.343193530270208	1	3	7	246	947	1.44939759036145
GO:0005942	phosphatidylinositol 3-kinase complex	 6	0.36183135348477	1	2	4	247	950	1.61044176706827
GO:0005975	carbohydrate metabolic process	 5	1	1	0	5	249	949	0
GO:0006006	glucose metabolic process	 5	0.687054425491099	1	1	4	248	950	0.966265060240964
GO:0006260	DNA replication	11	0.405877864020807	1	3	8	246	946	1.31763417305586
GO:0006281	DNA repair	28	0.719425589652884	1	5	23	244	931	0.862736660929432
GO:0006302	double-strand break repair	 5	0.687054425491099	1	1	4	248	950	0.966265060240964
GO:0006310	DNA recombination	 5	1	1	0	5	249	949	0
GO:0006325	chromatin organization	29	0.575405247319309	1	6	23	243	931	0.999584545076859
GO:0006338	chromatin remodeling	 7	0.442688819006143	1	2	5	247	949	1.38037865748709
GO:0006351	transcription, DNA-templated	 8	0.517540566979733	1	2	6	247	948	1.2078313253012
GO:0006357	regulation of transcription by RNA polymerase II	36	0.959533080488053	1	4	32	245	922	0.536813922356091
GO:0006364	rRNA processing	 5	1	1	0	5	249	949	0
GO:0006366	transcription by RNA polymerase II	13	1	1	0	13	249	941	0
GO:0006397	mRNA processing	28	0.950364132201423	1	3	25	246	929	0.517641996557659
GO:0006412	translation	10	0.132613001823985	1	4	6	245	948	1.93253012048193
GO:0006457	protein folding	 5	0.687054425491099	1	1	4	248	950	0.966265060240964
GO:0006464	cellular protein modification process	 5	0.687054425491099	1	1	4	248	950	0.966265060240964
GO:0006468	protein phosphorylation	61	0.632883579762318	1	12	49	237	905	0.950424649417342
GO:0006469	negative regulation of protein kinase activity	 5	0.687054425491099	1	1	4	248	950	0.966265060240964
GO:0006470	protein dephosphorylation	15	0.969852125537646	1	1	14	248	940	0.322088353413655
GO:0006486	protein glycosylation	11	0.922928562642289	1	1	10	248	944	0.43921139101862
GO:0006508	proteolysis	23	0.885395896134528	1	3	20	246	934	0.630172865374542
GO:0006511	ubiquitin-dependent protein catabolic process	28	0.950364132201423	1	3	25	246	929	0.517641996557659
GO:0006606	protein import into nucleus	 9	0.094361981783437	1	4	5	245	949	2.14725568942436
GO:0006629	lipid metabolic process	27	0.176909880663616	1	8	19	241	935	1.43150379294958
GO:0006631	fatty acid metabolic process	11	0.405877864020807	1	3	8	246	946	1.31763417305586
GO:0006633	fatty acid biosynthetic process	 6	0.36183135348477	1	2	4	247	950	1.61044176706827
GO:0006811	ion transport	27	0.0856715632675069	1	9	18	240	936	1.61044176706827
GO:0006813	potassium ion transport	 7	0.803667410040068	1	1	6	248	948	0.690189328743546
GO:0006814	sodium ion transport	 5	0.687054425491099	1	1	4	248	950	0.966265060240964
GO:0006816	calcium ion transport	 9	0.280019371736341	1	3	6	246	948	1.61044176706827
GO:0006869	lipid transport	11	0.405877864020807	1	3	8	246	946	1.31763417305586
GO:0006874	cellular calcium ion homeostasis	 8	0.844542673334402	1	1	7	248	947	0.603915662650602
GO:0006886	intracellular protein transport	25	0.793899706676892	1	4	21	245	933	0.773012048192771
GO:0006887	exocytosis	 6	0.752099039892365	1	1	5	248	949	0.805220883534137
GO:0006888	endoplasmic reticulum to Golgi vesicle-mediated transport	 8	0.844542673334402	1	1	7	248	947	0.603915662650602
GO:0006897	endocytosis	25	0.6148379516524	1	5	20	244	934	0.966265060240964
GO:0006914	autophagy	 9	0.280019371736341	1	3	6	246	948	1.61044176706827
GO:0006915	apoptotic process	31	0.80219640129442	1	5	26	244	928	0.779246016323358
GO:0006936	muscle contraction	 8	0.0118298532732322	1	5	3	244	951	3.01957831325301
GO:0006954	inflammatory response	11	1	1	0	11	249	943	0
GO:0006974	cellular response to DNA damage stimulus	41	0.948922727063063	1	5	36	244	918	0.589186012342051
GO:0006979	response to oxidative stress	10	0.645956324458325	1	2	8	247	946	0.966265060240964
GO:0006997	nucleus organization	 6	0.36183135348477	1	2	4	247	950	1.61044176706827
GO:0007005	mitochondrion organization	 5	1	1	0	5	249	949	0
GO:0007010	cytoskeleton organization	15	0.181454851310688	1	5	10	244	944	1.61044176706827
GO:0007015	actin filament organization	12	0.22346925747474	1	4	8	245	946	1.61044176706827
GO:0007018	microtubule-based movement	 9	0.585403765620702	1	2	7	247	947	1.07362784471218
GO:0007029	endoplasmic reticulum organization	 5	0.687054425491099	1	1	4	248	950	0.966265060240964
GO:0007030	Golgi organization	11	0.922928562642289	1	1	10	248	944	0.43921139101862
GO:0007049	cell cycle	55	0.472103872094813	1	12	43	237	911	1.05410733844469
GO:0007050	cell cycle arrest	 7	0.803667410040068	1	1	6	248	948	0.690189328743546
GO:0007059	chromosome segregation	 6	0.107130337092445	1	3	3	246	951	2.41566265060241
GO:0007080	mitotic metaphase plate congression	 5	0.687054425491099	1	1	4	248	950	0.966265060240964
GO:0007093	mitotic cell cycle checkpoint	 5	0.687054425491099	1	1	4	248	950	0.966265060240964
GO:0007094	mitotic spindle assembly checkpoint	 5	0.276931014687328	1	2	3	247	951	1.93253012048193
GO:0007155	cell adhesion	25	0.00671466498335082	0.948110695649135	11	14	238	940	2.12578313253012
GO:0007156	homophilic cell adhesion via plasma membrane adhesion molecules	 9	0.094361981783437	1	4	5	245	949	2.14725568942436
GO:0007162	negative regulation of cell adhesion	 7	0.0370538669739214	1	4	3	245	951	2.76075731497418
GO:0007165	signal transduction	68	0.437510209286773	1	15	53	234	901	1.06573352232459
GO:0007166	cell surface receptor signaling pathway	11	0.176035306935277	1	4	7	245	947	1.75684556407448
GO:0007169	transmembrane receptor protein tyrosine kinase signaling pathway	11	0.69930709344444	1	2	9	247	945	0.87842278203724
GO:0007179	transforming growth factor beta receptor signaling pathway	 7	0.442688819006143	1	2	5	247	949	1.38037865748709
GO:0007186	G protein-coupled receptor signaling pathway	31	0.80219640129442	1	5	26	244	928	0.779246016323358
GO:0007189	adenylate cyclase-activating G protein-coupled receptor signaling pathway	 9	0.094361981783437	1	4	5	245	949	2.14725568942436
GO:0007204	positive regulation of cytosolic calcium ion concentration	 7	1	1	0	7	249	947	0
GO:0007219	Notch signaling pathway	11	0.69930709344444	1	2	9	247	945	0.87842278203724
GO:0007224	smoothened signaling pathway	 7	0.803667410040068	1	1	6	248	948	0.690189328743546
GO:0007264	small GTPase mediated signal transduction	 7	0.442688819006143	1	2	5	247	949	1.38037865748709
GO:0007266	Rho protein signal transduction	 6	0.752099039892365	1	1	5	248	949	0.805220883534137
GO:0007268	chemical synaptic transmission	 7	0.803667410040068	1	1	6	248	948	0.690189328743546
GO:0007275	multicellular organism development	77	0.756736630527018	1	14	63	235	891	0.87842278203724
GO:0007283	spermatogenesis	22	1	1	0	22	249	932	0
GO:0007346	regulation of mitotic cell cycle	 8	0.517540566979733	1	2	6	247	948	1.2078313253012
GO:0007368	determination of left/right symmetry	 7	0.442688819006143	1	2	5	247	949	1.38037865748709
GO:0007399	nervous system development	36	0.959533080488053	1	4	32	245	922	0.536813922356091
GO:0007409	axonogenesis	 7	0.803667410040068	1	1	6	248	948	0.690189328743546
GO:0007411	axon guidance	17	0.264909728104877	1	5	12	244	942	1.42097802976612
GO:0007417	central nervous system development	 8	0.218133575085373	1	3	5	246	949	1.81174698795181
GO:0007420	brain development	25	0.12503443098284	1	8	17	241	937	1.54602409638554
GO:0007507	heart development	20	0.62011875351667	1	4	16	245	938	0.966265060240964
GO:0007517	muscle organ development	 8	0.0622778806746106	1	4	4	245	950	2.41566265060241
GO:0007568	aging	12	1	1	0	12	249	942	0
GO:0007584	response to nutrient	 8	0.844542673334402	1	1	7	248	947	0.603915662650602
GO:0007596	blood coagulation	 5	1	1	0	5	249	949	0
GO:0007605	sensory perception of sound	11	1	1	0	11	249	943	0
GO:0007611	learning or memory	 8	0.517540566979733	1	2	6	247	948	1.2078313253012
GO:0007612	learning	 7	1	1	0	7	249	947	0
GO:0007613	memory	12	1	1	0	12	249	942	0
GO:0007623	circadian rhythm	 9	0.876935036798614	1	1	8	248	946	0.536813922356091
GO:0007626	locomotory behavior	 8	1	1	0	8	249	946	0
GO:0008013	beta-catenin binding	10	0.645956324458325	1	2	8	247	946	0.966265060240964
GO:0008017	microtubule binding	18	0.148982126702714	1	6	12	243	942	1.61044176706827
GO:0008021	synaptic vesicle	 7	1	1	0	7	249	947	0
GO:0008022	protein C-terminus binding	17	0.981169668345416	1	1	16	248	938	0.284195605953225
GO:0008081	phosphoric diester hydrolase activity	 5	1	1	0	5	249	949	0
GO:0008092	cytoskeletal protein binding	 9	0.094361981783437	1	4	5	245	949	2.14725568942436
GO:0008104	protein localization	11	0.405877864020807	1	3	8	246	946	1.31763417305586
GO:0008134	transcription factor binding	39	0.975287738488313	1	4	35	245	919	0.495520543713315
GO:0008144	drug binding	 6	0.752099039892365	1	1	5	248	949	0.805220883534137
GO:0008168	methyltransferase activity	11	0.922928562642289	1	1	10	248	944	0.43921139101862
GO:0008201	heparin binding	 6	0.752099039892365	1	1	5	248	949	0.805220883534137
GO:0008202	steroid metabolic process	 5	0.0630285838159607	1	3	2	246	952	2.89879518072289
GO:0008233	peptidase activity	21	0.842862718476486	1	3	18	246	936	0.690189328743546
GO:0008234	cysteine-type peptidase activity	12	0.745832365559429	1	2	10	247	944	0.805220883534137
GO:0008237	metallopeptidase activity	 6	1	1	0	6	249	948	0
GO:0008270	zinc ion binding	43	0.396397421719837	1	10	33	239	921	1.123564023536
GO:0008283	cell population proliferation	14	0.325564742871226	1	4	10	245	944	1.38037865748709
GO:0008284	positive regulation of cell population proliferation	33	0.934953117460866	1	4	29	245	925	0.585615188024827
GO:0008285	negative regulation of cell population proliferation	31	0.172905466472339	1	9	22	240	932	1.40264282938204
GO:0008286	insulin receptor signaling pathway	10	0.343193530270208	1	3	7	246	947	1.44939759036145
GO:0008289	lipid binding	20	0.217682642097387	1	6	14	243	940	1.44939759036145
GO:0008333	endosome to lysosome transport	 5	0.276931014687328	1	2	3	247	951	1.93253012048193
GO:0008344	adult locomotory behavior	 8	0.517540566979733	1	2	6	247	948	1.2078313253012
GO:0008360	regulation of cell shape	14	0.325564742871226	1	4	10	245	944	1.38037865748709
GO:0008380	RNA splicing	21	0.842862718476486	1	3	18	246	936	0.690189328743546
GO:0008484	sulfuric ester hydrolase activity	 5	0.0630285838159607	1	3	2	246	952	2.89879518072289
GO:0008542	visual learning	 8	0.844542673334402	1	1	7	248	947	0.603915662650602
GO:0008543	fibroblast growth factor receptor signaling pathway	 5	0.276931014687328	1	2	3	247	951	1.93253012048193
GO:0008544	epidermis development	 5	0.687054425491099	1	1	4	248	950	0.966265060240964
GO:0008574	ATP-dependent microtubule motor activity, plus-end-directed	 7	0.442688819006143	1	2	5	247	949	1.38037865748709
GO:0008584	male gonad development	 6	1	1	0	6	249	948	0
GO:0008654	phospholipid biosynthetic process	 5	0.687054425491099	1	1	4	248	950	0.966265060240964
GO:0009267	cellular response to starvation	 5	1	1	0	5	249	949	0
GO:0009617	response to bacterium	10	0.343193530270208	1	3	7	246	947	1.44939759036145
GO:0009636	response to toxic substance	 9	0.876935036798614	1	1	8	248	946	0.536813922356091
GO:0009749	response to glucose	 5	1	1	0	5	249	949	0
GO:0009791	post-embryonic development	 5	0.687054425491099	1	1	4	248	950	0.966265060240964
GO:0009887	animal organ morphogenesis	12	0.466680732869497	1	3	9	246	945	1.2078313253012
GO:0009888	tissue development	 5	0.687054425491099	1	1	4	248	950	0.966265060240964
GO:0009897	external side of plasma membrane	 5	1	1	0	5	249	949	0
GO:0009898	cytoplasmic side of plasma membrane	 6	0.752099039892365	1	1	5	248	949	0.805220883534137
GO:0009925	basal plasma membrane	 9	0.876935036798614	1	1	8	248	946	0.536813922356091
GO:0009952	anterior/posterior pattern specification	 7	0.442688819006143	1	2	5	247	949	1.38037865748709
GO:0009968	negative regulation of signal transduction	 5	0.687054425491099	1	1	4	248	950	0.966265060240964
GO:0009986	cell surface	26	0.458424924555455	1	6	20	243	934	1.11492122335496
GO:0010008	endosome membrane	14	0.820596629602827	1	2	12	247	942	0.690189328743546
GO:0010033	response to organic substance	 7	1	1	0	7	249	947	0
GO:0010466	negative regulation of peptidase activity	 5	1	1	0	5	249	949	0
GO:0010468	regulation of gene expression	27	0.686967422121437	1	5	22	244	932	0.894689870593485
GO:0010494	cytoplasmic stress granule	 5	1	1	0	5	249	949	0
GO:0010628	positive regulation of gene expression	30	0.611573899447091	1	6	24	243	930	0.966265060240964
GO:0010629	negative regulation of gene expression	19	0.988249120589947	1	1	18	248	936	0.25428027901078
GO:0010763	positive regulation of fibroblast migration	 5	1	1	0	5	249	949	0
GO:0010811	positive regulation of cell-substrate adhesion	 5	0.687054425491099	1	1	4	248	950	0.966265060240964
GO:0010951	negative regulation of endopeptidase activity	 5	1	1	0	5	249	949	0
GO:0010975	regulation of neuron projection development	 5	0.687054425491099	1	1	4	248	950	0.966265060240964
GO:0010976	positive regulation of neuron projection development	13	0.951775466281311	1	1	12	248	942	0.371640407784986
GO:0010977	negative regulation of neuron projection development	 7	0.803667410040068	1	1	6	248	948	0.690189328743546
GO:0012505	endomembrane system	 8	0.218133575085373	1	3	5	246	949	1.81174698795181
GO:0014068	positive regulation of phosphatidylinositol 3-kinase signaling	 5	0.687054425491099	1	1	4	248	950	0.966265060240964
GO:0014069	postsynaptic density	29	0.958304634247724	1	3	26	246	928	0.49979227253843
GO:0014070	response to organic cyclic compound	 8	0.517540566979733	1	2	6	247	948	1.2078313253012
GO:0014704	intercalated disc	 5	0.276931014687328	1	2	3	247	951	1.93253012048193
GO:0014823	response to activity	 5	0.687054425491099	1	1	4	248	950	0.966265060240964
GO:0014911	positive regulation of smooth muscle cell migration	 5	1	1	0	5	249	949	0
GO:0015031	protein transport	47	0.979669045838131	1	5	42	244	912	0.513970776723917
GO:0015095	magnesium ion transmembrane transporter activity	 5	1	1	0	5	249	949	0
GO:0015293	symporter activity	 5	1	1	0	5	249	949	0
GO:0015629	actin cytoskeleton	23	0.0825275667227179	1	8	15	241	939	1.68046097433211
GO:0015630	microtubule cytoskeleton	12	0.0222631547112502	1	6	6	243	948	2.41566265060241
GO:0016055	Wnt signaling pathway	25	0.917376881427705	1	3	22	246	932	0.579759036144578
GO:0016192	vesicle-mediated transport	16	0.976170998215362	1	1	15	248	939	0.301957831325301
GO:0016301	kinase activity	54	0.820102509127797	1	9	45	240	909	0.805220883534137
GO:0016310	phosphorylation	55	0.837071716320515	1	9	46	240	908	0.790580503833516
GO:0016311	dephosphorylation	10	0.343193530270208	1	3	7	246	947	1.44939759036145
GO:0016323	basolateral plasma membrane	12	0.939028216922549	1	1	11	248	943	0.402610441767068
GO:0016324	apical plasma membrane	25	0.978148256291862	1	2	23	247	931	0.386506024096386
GO:0016328	lateral plasma membrane	 8	1	1	0	8	249	946	0
GO:0016358	dendrite development	 8	1	1	0	8	249	946	0
GO:0016363	nuclear matrix	 9	0.585403765620702	1	2	7	247	947	1.07362784471218
GO:0016477	cell migration	20	0.400799247641623	1	5	15	244	939	1.2078313253012
GO:0016491	oxidoreductase activity	32	0.199509691633005	1	9	23	240	931	1.35881024096386
GO:0016525	negative regulation of angiogenesis	 8	0.517540566979733	1	2	6	247	948	1.2078313253012
GO:0016529	sarcoplasmic reticulum	 8	0.0622778806746106	1	4	4	245	950	2.41566265060241
GO:0016567	protein ubiquitination	52	0.938453802857485	1	7	45	242	909	0.650370713623726
GO:0016573	histone acetylation	 9	1	1	0	9	249	945	0
GO:0016579	protein deubiquitination	10	0.902599338169757	1	1	9	248	945	0.483132530120482
GO:0016604	nuclear body	29	0.392969167413763	1	7	22	242	932	1.16618196925634
GO:0016605	PML body	 9	0.585403765620702	1	2	7	247	947	1.07362784471218
GO:0016607	nuclear speck	29	0.392969167413763	1	7	22	242	932	1.16618196925634
GO:0016746	transferase activity, transferring acyl groups	16	0.875069035371912	1	2	14	247	940	0.603915662650602
GO:0016757	transferase activity, transferring glycosyl groups	19	0.928854451264133	1	2	17	247	937	0.50856055802156
GO:0016787	hydrolase activity	96	0.328044002250675	1	22	74	227	880	1.10717871485944
GO:0016791	phosphatase activity	 8	0.218133575085373	1	3	5	246	949	1.81174698795181
GO:0016853	isomerase activity	 7	0.803667410040068	1	1	6	248	948	0.690189328743546
GO:0016874	ligase activity	 9	0.876935036798614	1	1	8	248	946	0.536813922356091
GO:0016887	ATPase activity	16	0.221981622927231	1	5	11	244	943	1.50978915662651
GO:0017022	myosin binding	 5	0.687054425491099	1	1	4	248	950	0.966265060240964
GO:0017048	Rho GTPase binding	 6	0.36183135348477	1	2	4	247	950	1.61044176706827
GO:0017053	transcriptional repressor complex	 6	0.752099039892365	1	1	5	248	949	0.805220883534137
GO:0017124	SH3 domain binding	10	0.343193530270208	1	3	7	246	947	1.44939759036145
GO:0017137	Rab GTPase binding	14	0.578848794704899	1	3	11	246	943	1.03528399311532
GO:0017148	negative regulation of translation	 6	1	1	0	6	249	948	0
GO:0018105	peptidyl-serine phosphorylation	16	1	1	0	16	249	938	0
GO:0018107	peptidyl-threonine phosphorylation	 6	1	1	0	6	249	948	0
GO:0018108	peptidyl-tyrosine phosphorylation	12	0.939028216922549	1	1	11	248	943	0.402610441767068
GO:0019005	SCF ubiquitin ligase complex	 6	1	1	0	6	249	948	0
GO:0019827	stem cell population maintenance	 6	1	1	0	6	249	948	0
GO:0019899	enzyme binding	26	0.28135778610024	1	7	19	242	935	1.30074142724745
GO:0019900	kinase binding	 5	0.0630285838159607	1	3	2	246	952	2.89879518072289
GO:0019901	protein kinase binding	42	0.515576440288126	1	9	33	240	921	1.03528399311532
GO:0019903	protein phosphatase binding	 9	0.280019371736341	1	3	6	246	948	1.61044176706827
GO:0019904	protein domain specific binding	18	0.309497267105709	1	5	13	244	941	1.34203480589023
GO:0021766	hippocampus development	 5	0.687054425491099	1	1	4	248	950	0.966265060240964
GO:0021987	cerebral cortex development	 5	0.0630285838159607	1	3	2	246	952	2.89879518072289
GO:0022008	neurogenesis	 6	0.0189268305394769	1	4	2	245	952	3.22088353413655
GO:0022604	regulation of cell morphogenesis	 6	1	1	0	6	249	948	0
GO:0022857	transmembrane transporter activity	20	0.400799247641623	1	5	15	244	939	1.2078313253012
GO:0023014	signal transduction by protein phosphorylation	 5	1	1	0	5	249	949	0
GO:0030010	establishment of cell polarity	 5	0.276931014687328	1	2	3	247	951	1.93253012048193
GO:0030017	sarcomere	 6	0.00183276860773051	0.669515286845052	5	1	244	953	4.02610441767068
GO:0030018	Z disc	14	0.144053449369659	1	5	9	244	945	1.72547332185886
GO:0030027	lamellipodium	15	0.0692506454876001	1	6	9	243	945	1.93253012048193
GO:0030030	cell projection organization	22	0.865597130250258	1	3	19	246	935	0.65881708652793
GO:0030036	actin cytoskeleton organization	17	0.0128692869348505	1	8	9	241	945	2.2735648476258
GO:0030054	cell junction	65	0.822897986092065	1	11	54	238	900	0.817608897126969
GO:0030097	hemopoiesis	 7	0.0370538669739214	1	4	3	245	951	2.76075731497418
GO:0030133	transport vesicle	 6	0.36183135348477	1	2	4	247	950	1.61044176706827
GO:0030136	clathrin-coated vesicle	 5	0.687054425491099	1	1	4	248	950	0.966265060240964
GO:0030139	endocytic vesicle	 6	0.36183135348477	1	2	4	247	950	1.61044176706827
GO:0030141	secretory granule	 8	1	1	0	8	249	946	0
GO:0030145	manganese ion binding	 5	0.687054425491099	1	1	4	248	950	0.966265060240964
GO:0030154	cell differentiation	59	0.892810695977829	1	9	50	240	904	0.736981825607515
GO:0030165	PDZ domain binding	15	0.850062432860102	1	2	13	247	941	0.644176706827309
GO:0030175	filopodium	 5	0.687054425491099	1	1	4	248	950	0.966265060240964
GO:0030176	integral component of endoplasmic reticulum membrane	 5	0.276931014687328	1	2	3	247	951	1.93253012048193
GO:0030177	positive regulation of Wnt signaling pathway	 8	0.218133575085373	1	3	5	246	949	1.81174698795181
GO:0030182	neuron differentiation	 9	0.585403765620702	1	2	7	247	947	1.07362784471218
GO:0030198	extracellular matrix organization	 7	0.442688819006143	1	2	5	247	949	1.38037865748709
GO:0030246	carbohydrate binding	 8	0.218133575085373	1	3	5	246	949	1.81174698795181
GO:0030286	dynein complex	 5	1	1	0	5	249	949	0
GO:0030307	positive regulation of cell growth	 6	0.752099039892365	1	1	5	248	949	0.805220883534137
GO:0030308	negative regulation of cell growth	 9	0.280019371736341	1	3	6	246	948	1.61044176706827
GO:0030315	T-tubule	 7	0.159687689681337	1	3	4	246	950	2.07056798623064
GO:0030316	osteoclast differentiation	 5	1	1	0	5	249	949	0
GO:0030324	lung development	10	0.343193530270208	1	3	7	246	947	1.44939759036145
GO:0030326	embryonic limb morphogenesis	 6	0.36183135348477	1	2	4	247	950	1.61044176706827
GO:0030334	regulation of cell migration	 9	0.280019371736341	1	3	6	246	948	1.61044176706827
GO:0030335	positive regulation of cell migration	21	0.95165654324004	1	2	19	247	935	0.460126219162364
GO:0030336	negative regulation of cell migration	 9	0.094361981783437	1	4	5	245	949	2.14725568942436
GO:0030414	peptidase inhibitor activity	 5	1	1	0	5	249	949	0
GO:0030424	axon	36	0.476355554903675	1	8	28	241	926	1.07362784471218
GO:0030425	dendrite	40	0.753872667921116	1	7	33	242	921	0.845481927710843
GO:0030426	growth cone	11	0.69930709344444	1	2	9	247	945	0.87842278203724
GO:0030496	midbody	15	0.377968339802331	1	4	11	245	943	1.28835341365462
GO:0030512	negative regulation of transforming growth factor beta receptor signaling pathway	 5	0.687054425491099	1	1	4	248	950	0.966265060240964
GO:0030514	negative regulation of BMP signaling pathway	 6	0.36183135348477	1	2	4	247	950	1.61044176706827
GO:0030522	intracellular receptor signaling pathway	 5	1	1	0	5	249	949	0
GO:0030659	cytoplasmic vesicle membrane	11	0.69930709344444	1	2	9	247	945	0.87842278203724
GO:0030838	positive regulation of actin filament polymerization	 5	0.687054425491099	1	1	4	248	950	0.966265060240964
GO:0030900	forebrain development	 7	0.442688819006143	1	2	5	247	949	1.38037865748709
GO:0030901	midbrain development	 6	1	1	0	6	249	948	0
GO:0031012	extracellular matrix	 9	0.280019371736341	1	3	6	246	948	1.61044176706827
GO:0031032	actomyosin structure organization	 5	0.687054425491099	1	1	4	248	950	0.966265060240964
GO:0031098	stress-activated protein kinase signaling cascade	 5	1	1	0	5	249	949	0
GO:0031146	SCF-dependent proteasomal ubiquitin-dependent protein catabolic process	 5	1	1	0	5	249	949	0
GO:0031175	neuron projection development	16	0.675016215277428	1	3	13	246	941	0.905873493975904
GO:0031214	biomineral tissue development	 5	0.687054425491099	1	1	4	248	950	0.966265060240964
GO:0031225	anchored component of membrane	 5	0.687054425491099	1	1	4	248	950	0.966265060240964
GO:0031252	cell leading edge	 5	0.687054425491099	1	1	4	248	950	0.966265060240964
GO:0031410	cytoplasmic vesicle	46	0.939078619733531	1	6	40	243	914	0.630172865374542
GO:0031514	motile cilium	 8	0.517540566979733	1	2	6	247	948	1.2078313253012
GO:0031625	ubiquitin protein ligase binding	21	0.123260723769421	1	7	14	242	940	1.61044176706827
GO:0031647	regulation of protein stability	 9	0.876935036798614	1	1	8	248	946	0.536813922356091
GO:0031667	response to nutrient levels	 8	0.844542673334402	1	1	7	248	947	0.603915662650602
GO:0031901	early endosome membrane	14	0.820596629602827	1	2	12	247	942	0.690189328743546
GO:0031902	late endosome membrane	11	1	1	0	11	249	943	0
GO:0031965	nuclear membrane	29	0.0580803762284696	1	10	19	239	935	1.66597424179477
GO:0031966	mitochondrial membrane	 8	0.844542673334402	1	1	7	248	947	0.603915662650602
GO:0032088	negative regulation of NF-kappaB transcription factor activity	 7	0.803667410040068	1	1	6	248	948	0.690189328743546
GO:0032092	positive regulation of protein binding	 9	0.876935036798614	1	1	8	248	946	0.536813922356091
GO:0032147	activation of protein kinase activity	 9	1	1	0	9	249	945	0
GO:0032148	activation of protein kinase B activity	 5	1	1	0	5	249	949	0
GO:0032259	methylation	10	0.902599338169757	1	1	9	248	945	0.483132530120482
GO:0032355	response to estradiol	 8	0.517540566979733	1	2	6	247	948	1.2078313253012
GO:0032436	positive regulation of proteasomal ubiquitin-dependent protein catabolic process	 5	0.687054425491099	1	1	4	248	950	0.966265060240964
GO:0032496	response to lipopolysaccharide	 8	0.844542673334402	1	1	7	248	947	0.603915662650602
GO:0032508	DNA duplex unwinding	 6	0.36183135348477	1	2	4	247	950	1.61044176706827
GO:0032760	positive regulation of tumor necrosis factor production	 5	0.687054425491099	1	1	4	248	950	0.966265060240964
GO:0032839	dendrite cytoplasm	 5	1	1	0	5	249	949	0
GO:0032868	response to insulin	 7	0.442688819006143	1	2	5	247	949	1.38037865748709
GO:0032869	cellular response to insulin stimulus	11	0.922928562642289	1	1	10	248	944	0.43921139101862
GO:0032880	regulation of protein localization	 9	0.585403765620702	1	2	7	247	947	1.07362784471218
GO:0032956	regulation of actin cytoskeleton organization	 9	0.876935036798614	1	1	8	248	946	0.536813922356091
GO:0032991	protein-containing complex	62	0.193160752737226	1	16	46	233	908	1.24679362611737
GO:0033017	sarcoplasmic reticulum membrane	 5	0.0630285838159607	1	3	2	246	952	2.89879518072289
GO:0033116	endoplasmic reticulum-Golgi intermediate compartment membrane	 5	0.687054425491099	1	1	4	248	950	0.966265060240964
GO:0033138	positive regulation of peptidyl-serine phosphorylation	10	0.645956324458325	1	2	8	247	946	0.966265060240964
GO:0033674	positive regulation of kinase activity	 5	0.687054425491099	1	1	4	248	950	0.966265060240964
GO:0034097	response to cytokine	 5	0.687054425491099	1	1	4	248	950	0.966265060240964
GO:0034237	protein kinase A regulatory subunit binding	 6	1	1	0	6	249	948	0
GO:0034451	centriolar satellite	11	0.922928562642289	1	1	10	248	944	0.43921139101862
GO:0034599	cellular response to oxidative stress	 8	0.844542673334402	1	1	7	248	947	0.603915662650602
GO:0034613	cellular protein localization	 7	0.803667410040068	1	1	6	248	948	0.690189328743546
GO:0034644	cellular response to UV	 5	0.276931014687328	1	2	3	247	951	1.93253012048193
GO:0034765	regulation of ion transmembrane transport	 6	0.752099039892365	1	1	5	248	949	0.805220883534137
GO:0034976	response to endoplasmic reticulum stress	 7	0.803667410040068	1	1	6	248	948	0.690189328743546
GO:0035023	regulation of Rho protein signal transduction	 8	0.218133575085373	1	3	5	246	949	1.81174698795181
GO:0035064	methylated histone binding	 6	0.752099039892365	1	1	5	248	949	0.805220883534137
GO:0035091	phosphatidylinositol binding	12	0.939028216922549	1	1	11	248	943	0.402610441767068
GO:0035094	response to nicotine	 5	0.687054425491099	1	1	4	248	950	0.966265060240964
GO:0035097	histone methyltransferase complex	 5	1	1	0	5	249	949	0
GO:0035115	embryonic forelimb morphogenesis	 5	1	1	0	5	249	949	0
GO:0035264	multicellular organism growth	10	1	1	0	10	249	944	0
GO:0035335	peptidyl-tyrosine dephosphorylation	 8	0.844542673334402	1	1	7	248	947	0.603915662650602
GO:0035556	intracellular signal transduction	32	0.825101878556225	1	5	27	244	927	0.754894578313253
GO:0035861	site of double-strand break	 7	0.803667410040068	1	1	6	248	948	0.690189328743546
GO:0035925	mRNA 3	 5	1	1	0	5	249	949	0
GO:0036064	ciliary basal body	15	0.629068908430541	1	3	12	246	942	0.966265060240964
GO:0036459	thiol-dependent ubiquitinyl hydrolase activity	14	0.96186614602581	1	1	13	248	941	0.345094664371773
GO:0038023	signaling receptor activity	 6	0.752099039892365	1	1	5	248	949	0.805220883534137
GO:0040008	regulation of growth	 6	0.36183135348477	1	2	4	247	950	1.61044176706827
GO:0040018	positive regulation of multicellular organism growth	 6	0.752099039892365	1	1	5	248	949	0.805220883534137
GO:0042060	wound healing	 7	0.0370538669739214	1	4	3	245	951	2.76075731497418
GO:0042127	regulation of cell population proliferation	14	0.820596629602827	1	2	12	247	942	0.690189328743546
GO:0042147	retrograde transport, endosome to Golgi	12	0.939028216922549	1	1	11	248	943	0.402610441767068
GO:0042162	telomeric DNA binding	 5	1	1	0	5	249	949	0
GO:0042220	response to cocaine	 5	0.276931014687328	1	2	3	247	951	1.93253012048193
GO:0042254	ribosome biogenesis	 8	0.844542673334402	1	1	7	248	947	0.603915662650602
GO:0042277	peptide binding	 5	1	1	0	5	249	949	0
GO:0042307	positive regulation of protein import into nucleus	 7	0.159687689681337	1	3	4	246	950	2.07056798623064
GO:0042383	sarcolemma	10	0.343193530270208	1	3	7	246	947	1.44939759036145
GO:0042393	histone binding	13	0.52457364074054	1	3	10	246	944	1.11492122335496
GO:0042470	melanosome	 5	0.687054425491099	1	1	4	248	950	0.966265060240964
GO:0042472	inner ear morphogenesis	 8	0.517540566979733	1	2	6	247	948	1.2078313253012
GO:0042474	middle ear morphogenesis	 5	0.687054425491099	1	1	4	248	950	0.966265060240964
GO:0042475	odontogenesis of dentin-containing tooth	 6	0.752099039892365	1	1	5	248	949	0.805220883534137
GO:0042493	response to drug	18	0.913961579058863	1	2	16	247	938	0.536813922356091
GO:0042593	glucose homeostasis	 8	0.517540566979733	1	2	6	247	948	1.2078313253012
GO:0042632	cholesterol homeostasis	 6	0.36183135348477	1	2	4	247	950	1.61044176706827
GO:0042733	embryonic digit morphogenesis	 9	0.094361981783437	1	4	5	245	949	2.14725568942436
GO:0042734	presynaptic membrane	 6	1	1	0	6	249	948	0
GO:0042752	regulation of circadian rhythm	 6	0.752099039892365	1	1	5	248	949	0.805220883534137
GO:0042802	identical protein binding	82	0.543641761077256	1	17	65	232	889	1.00161622098149
GO:0042803	protein homodimerization activity	43	0.695080512834816	1	8	35	241	919	0.898851218828804
GO:0042826	histone deacetylase binding	14	0.578848794704899	1	3	11	246	943	1.03528399311532
GO:0042981	regulation of apoptotic process	 9	0.876935036798614	1	1	8	248	946	0.536813922356091
GO:0042995	cell projection	81	0.215905566711954	1	20	61	229	893	1.19291982745798
GO:0043005	neuron projection	34	0.406464118930284	1	8	26	241	928	1.1367824238129
GO:0043010	camera-type eye development	 6	0.752099039892365	1	1	5	248	949	0.805220883534137
GO:0043025	neuronal cell body	44	0.989518466169657	1	4	40	245	914	0.43921139101862
GO:0043065	positive regulation of apoptotic process	17	0.896192276134486	1	2	15	247	939	0.568391211906449
GO:0043066	negative regulation of apoptotic process	30	0.430730638808182	1	7	23	242	931	1.12730923694779
GO:0043085	positive regulation of catalytic activity	 5	1	1	0	5	249	949	0
GO:0043086	negative regulation of catalytic activity	 5	1	1	0	5	249	949	0
GO:0043087	regulation of GTPase activity	 9	0.585403765620702	1	2	7	247	947	1.07362784471218
GO:0043123	positive regulation of I-kappaB kinase/NF-kappaB signaling	 9	0.280019371736341	1	3	6	246	948	1.61044176706827
GO:0043130	ubiquitin binding	 8	0.517540566979733	1	2	6	247	948	1.2078313253012
GO:0043154	negative regulation of cysteine-type endopeptidase activity involved in apoptotic process	 6	1	1	0	6	249	948	0
GO:0043161	proteasome-mediated ubiquitin-dependent protein catabolic process	12	0.22346925747474	1	4	8	245	946	1.61044176706827
GO:0043169	cation binding	 5	1	1	0	5	249	949	0
GO:0043197	dendritic spine	17	0.264909728104877	1	5	12	244	942	1.42097802976612
GO:0043198	dendritic shaft	 7	1	1	0	7	249	947	0
GO:0043204	perikaryon	 6	1	1	0	6	249	948	0
GO:0043209	myelin sheath	11	0.69930709344444	1	2	9	247	945	0.87842278203724
GO:0043231	intracellular membrane-bounded organelle	57	0.658942153284447	1	11	46	238	908	0.932361023039527
GO:0043235	receptor complex	10	0.902599338169757	1	1	9	248	945	0.483132530120482
GO:0043388	positive regulation of DNA binding	 5	0.276931014687328	1	2	3	247	951	1.93253012048193
GO:0043393	regulation of protein binding	 5	0.0630285838159607	1	3	2	246	952	2.89879518072289
GO:0043401	steroid hormone mediated signaling pathway	 6	1	1	0	6	249	948	0
GO:0043410	positive regulation of MAPK cascade	10	0.902599338169757	1	1	9	248	945	0.483132530120482
GO:0043491	protein kinase B signaling	 6	0.752099039892365	1	1	5	248	949	0.805220883534137
GO:0043507	positive regulation of JUN kinase activity	 6	1	1	0	6	249	948	0
GO:0043524	negative regulation of neuron apoptotic process	15	0.850062432860102	1	2	13	247	941	0.644176706827309
GO:0043525	positive regulation of neuron apoptotic process	 6	1	1	0	6	249	948	0
GO:0043536	positive regulation of blood vessel endothelial cell migration	 7	0.803667410040068	1	1	6	248	948	0.690189328743546
GO:0043547	positive regulation of GTPase activity	30	0.148083941710089	1	9	21	240	933	1.44939759036145
GO:0043551	regulation of phosphatidylinositol 3-kinase activity	 5	0.276931014687328	1	2	3	247	951	1.93253012048193
GO:0043565	sequence-specific DNA binding	55	0.837071716320515	1	9	46	240	908	0.790580503833516
GO:0044212	transcription regulatory region DNA binding	15	0.850062432860102	1	2	13	247	941	0.644176706827309
GO:0044295	axonal growth cone	 5	0.687054425491099	1	1	4	248	950	0.966265060240964
GO:0044297	cell body	 7	0.803667410040068	1	1	6	248	948	0.690189328743546
GO:0044325	ion channel binding	 8	1	1	0	8	249	946	0
GO:0044877	protein-containing complex binding	39	0.850414732720796	1	6	33	243	921	0.743280815569972
GO:0045087	innate immune response	23	0.533923686791475	1	5	18	244	936	1.05028810895757
GO:0045121	membrane raft	17	0.716644729652607	1	3	14	246	940	0.852586817859674
GO:0045165	cell fate commitment	 6	0.752099039892365	1	1	5	248	949	0.805220883534137
GO:0045171	intercellular bridge	 7	0.159687689681337	1	3	4	246	950	2.07056798623064
GO:0045177	apical part of cell	 7	0.442688819006143	1	2	5	247	949	1.38037865748709
GO:0045197	establishment or maintenance of epithelial cell apical/basal polarity	 5	0.687054425491099	1	1	4	248	950	0.966265060240964
GO:0045202	synapse	48	0.690247733205444	1	9	39	240	915	0.905873493975904
GO:0045211	postsynaptic membrane	10	1	1	0	10	249	944	0
GO:0045214	sarcomere organization	 6	0.107130337092445	1	3	3	246	951	2.41566265060241
GO:0045335	phagocytic vesicle	 6	0.752099039892365	1	1	5	248	949	0.805220883534137
GO:0045429	positive regulation of nitric oxide biosynthetic process	 5	0.687054425491099	1	1	4	248	950	0.966265060240964
GO:0045444	fat cell differentiation	11	1	1	0	11	249	943	0
GO:0045454	cell redox homeostasis	 5	1	1	0	5	249	949	0
GO:0045471	response to ethanol	10	1	1	0	10	249	944	0
GO:0045499	chemorepellent activity	 5	1	1	0	5	249	949	0
GO:0045596	negative regulation of cell differentiation	 5	0.687054425491099	1	1	4	248	950	0.966265060240964
GO:0045599	negative regulation of fat cell differentiation	 7	0.442688819006143	1	2	5	247	949	1.38037865748709
GO:0045665	negative regulation of neuron differentiation	 5	0.687054425491099	1	1	4	248	950	0.966265060240964
GO:0045666	positive regulation of neuron differentiation	 9	1	1	0	9	249	945	0
GO:0045669	positive regulation of osteoblast differentiation	13	0.27370437329935	1	4	9	245	945	1.48656163113994
GO:0045727	positive regulation of translation	 8	1	1	0	8	249	946	0
GO:0045739	positive regulation of DNA repair	 5	0.0630285838159607	1	3	2	246	952	2.89879518072289
GO:0045766	positive regulation of angiogenesis	 7	0.159687689681337	1	3	4	246	950	2.07056798623064
GO:0045787	positive regulation of cell cycle	 5	0.687054425491099	1	1	4	248	950	0.966265060240964
GO:0045880	positive regulation of smoothened signaling pathway	 5	1	1	0	5	249	949	0
GO:0045892	negative regulation of transcription, DNA-templated	41	0.882853988191504	1	6	35	243	919	0.707023214810461
GO:0045893	positive regulation of transcription, DNA-templated	58	0.880593137099042	1	9	49	240	905	0.749688408807644
GO:0045930	negative regulation of mitotic cell cycle	 5	0.276931014687328	1	2	3	247	951	1.93253012048193
GO:0045944	positive regulation of transcription by RNA polymerase II	94	0.692210760097357	1	18	76	231	878	0.925147398103051
GO:0046330	positive regulation of JNK cascade	 8	0.844542673334402	1	1	7	248	947	0.603915662650602
GO:0046332	SMAD binding	 6	0.36183135348477	1	2	4	247	950	1.61044176706827
GO:0046777	protein autophosphorylation	15	0.377968339802331	1	4	11	245	943	1.28835341365462
GO:0046854	phosphatidylinositol phosphorylation	 8	0.517540566979733	1	2	6	247	948	1.2078313253012
GO:0046935	1-phosphatidylinositol-3-kinase regulator activity	 5	0.276931014687328	1	2	3	247	951	1.93253012048193
GO:0046982	protein heterodimerization activity	24	0.575383016765848	1	5	19	244	935	1.00652610441767
GO:0046983	protein dimerization activity	 9	0.585403765620702	1	2	7	247	947	1.07362784471218
GO:0047485	protein N-terminus binding	 8	0.844542673334402	1	1	7	248	947	0.603915662650602
GO:0048008	platelet-derived growth factor receptor signaling pathway	 5	0.276931014687328	1	2	3	247	951	1.93253012048193
GO:0048015	phosphatidylinositol-mediated signaling	 6	1	1	0	6	249	948	0
GO:0048146	positive regulation of fibroblast proliferation	11	0.405877864020807	1	3	8	246	946	1.31763417305586
GO:0048286	lung alveolus development	 7	0.803667410040068	1	1	6	248	948	0.690189328743546
GO:0048471	perinuclear region of cytoplasm	55	0.342477528663551	1	13	42	236	912	1.14194961664841
GO:0048511	rhythmic process	12	0.939028216922549	1	1	11	248	943	0.402610441767068
GO:0048557	embryonic digestive tract morphogenesis	 5	0.687054425491099	1	1	4	248	950	0.966265060240964
GO:0048661	positive regulation of smooth muscle cell proliferation	 8	0.218133575085373	1	3	5	246	949	1.81174698795181
GO:0048662	negative regulation of smooth muscle cell proliferation	 6	0.36183135348477	1	2	4	247	950	1.61044176706827
GO:0048666	neuron development	 5	0.687054425491099	1	1	4	248	950	0.966265060240964
GO:0048701	embryonic cranial skeleton morphogenesis	 5	1	1	0	5	249	949	0
GO:0048704	embryonic skeletal system morphogenesis	 7	0.803667410040068	1	1	6	248	948	0.690189328743546
GO:0048706	embryonic skeletal system development	 6	0.0189268305394769	1	4	2	245	952	3.22088353413655
GO:0048812	neuron projection morphogenesis	 6	0.752099039892365	1	1	5	248	949	0.805220883534137
GO:0048813	dendrite morphogenesis	 6	0.36183135348477	1	2	4	247	950	1.61044176706827
GO:0048839	inner ear development	 7	0.442688819006143	1	2	5	247	949	1.38037865748709
GO:0048856	anatomical structure development	 9	0.876935036798614	1	1	8	248	946	0.536813922356091
GO:0050679	positive regulation of epithelial cell proliferation	 5	0.687054425491099	1	1	4	248	950	0.966265060240964
GO:0050680	negative regulation of epithelial cell proliferation	 6	0.752099039892365	1	1	5	248	949	0.805220883534137
GO:0050714	positive regulation of protein secretion	 5	0.687054425491099	1	1	4	248	950	0.966265060240964
GO:0050727	regulation of inflammatory response	 5	0.276931014687328	1	2	3	247	951	1.93253012048193
GO:0050728	negative regulation of inflammatory response	 7	0.803667410040068	1	1	6	248	948	0.690189328743546
GO:0050731	positive regulation of peptidyl-tyrosine phosphorylation	 6	0.752099039892365	1	1	5	248	949	0.805220883534137
GO:0050804	modulation of chemical synaptic transmission	 6	0.752099039892365	1	1	5	248	949	0.805220883534137
GO:0050808	synapse organization	 5	0.687054425491099	1	1	4	248	950	0.966265060240964
GO:0050821	protein stabilization	15	0.629068908430541	1	3	12	246	942	0.966265060240964
GO:0050885	neuromuscular process controlling balance	 7	0.159687689681337	1	3	4	246	950	2.07056798623064
GO:0050919	negative chemotaxis	 6	1	1	0	6	249	948	0
GO:0051015	actin filament binding	14	0.00284496580812345	0.669515286845052	8	6	241	948	2.76075731497418
GO:0051059	NF-kappaB binding	 5	1	1	0	5	249	949	0
GO:0051087	chaperone binding	 8	0.517540566979733	1	2	6	247	948	1.2078313253012
GO:0051091	positive regulation of DNA-binding transcription factor activity	14	0.820596629602827	1	2	12	247	942	0.690189328743546
GO:0051092	positive regulation of NF-kappaB transcription factor activity	 6	0.752099039892365	1	1	5	248	949	0.805220883534137
GO:0051117	ATPase binding	 8	0.218133575085373	1	3	5	246	949	1.81174698795181
GO:0051209	release of sequestered calcium ion into cytosol	 5	0.687054425491099	1	1	4	248	950	0.966265060240964
GO:0051216	cartilage development	10	0.132613001823985	1	4	6	245	948	1.93253012048193
GO:0051252	regulation of RNA metabolic process	 5	1	1	0	5	249	949	0
GO:0051260	protein homooligomerization	10	0.645956324458325	1	2	8	247	946	0.966265060240964
GO:0051262	protein tetramerization	 5	1	1	0	5	249	949	0
GO:0051289	protein homotetramerization	 7	0.442688819006143	1	2	5	247	949	1.38037865748709
GO:0051290	protein heterotetramerization	 6	1	1	0	6	249	948	0
GO:0051301	cell division	29	0.0580803762284696	1	10	19	239	935	1.66597424179477
GO:0051321	meiotic cell cycle	 5	0.276931014687328	1	2	3	247	951	1.93253012048193
GO:0051384	response to glucocorticoid	 5	0.687054425491099	1	1	4	248	950	0.966265060240964
GO:0051496	positive regulation of stress fiber assembly	 7	0.803667410040068	1	1	6	248	948	0.690189328743546
GO:0051536	iron-sulfur cluster binding	 5	0.276931014687328	1	2	3	247	951	1.93253012048193
GO:0051592	response to calcium ion	 5	0.687054425491099	1	1	4	248	950	0.966265060240964
GO:0051607	defense response to virus	 9	0.280019371736341	1	3	6	246	948	1.61044176706827
GO:0051726	regulation of cell cycle	 8	0.517540566979733	1	2	6	247	948	1.2078313253012
GO:0051897	positive regulation of protein kinase B signaling	 7	0.442688819006143	1	2	5	247	949	1.38037865748709
GO:0051965	positive regulation of synapse assembly	 5	0.276931014687328	1	2	3	247	951	1.93253012048193
GO:0055037	recycling endosome	 7	0.803667410040068	1	1	6	248	948	0.690189328743546
GO:0055038	recycling endosome membrane	 5	0.687054425491099	1	1	4	248	950	0.966265060240964
GO:0055072	iron ion homeostasis	 5	0.687054425491099	1	1	4	248	950	0.966265060240964
GO:0055085	transmembrane transport	35	0.441548763699563	1	8	27	241	927	1.10430292598967
GO:0055114	oxidation-reduction process	33	0.227711836380606	1	9	24	240	930	1.31763417305586
GO:0060021	roof of mouth development	 8	0.517540566979733	1	2	6	247	948	1.2078313253012
GO:0060070	canonical Wnt signaling pathway	 6	1	1	0	6	249	948	0
GO:0060090	molecular adaptor activity	 5	1	1	0	5	249	949	0
GO:0060170	ciliary membrane	 6	0.752099039892365	1	1	5	248	949	0.805220883534137
GO:0060271	cilium assembly	21	0.446220447083201	1	5	16	244	938	1.15031554790591
GO:0060348	bone development	 9	0.0221727542885775	1	5	4	244	950	2.68406961178046
GO:0060395	SMAD protein signal transduction	 5	0.276931014687328	1	2	3	247	951	1.93253012048193
GO:0060548	negative regulation of cell death	 6	1	1	0	6	249	948	0
GO:0060612	adipose tissue development	 7	0.803667410040068	1	1	6	248	948	0.690189328743546
GO:0060828	regulation of canonical Wnt signaling pathway	 5	0.0630285838159607	1	3	2	246	952	2.89879518072289
GO:0061630	ubiquitin protein ligase activity	21	0.661036002089251	1	4	17	245	937	0.920252438324727
GO:0061631	ubiquitin conjugating enzyme activity	 5	0.687054425491099	1	1	4	248	950	0.966265060240964
GO:0062023	collagen-containing extracellular matrix	12	0.0811674058563495	1	5	7	244	947	2.01305220883534
GO:0065003	protein-containing complex assembly	 7	0.442688819006143	1	2	5	247	949	1.38037865748709
GO:0070373	negative regulation of ERK1 and ERK2 cascade	 7	1	1	0	7	249	947	0
GO:0070374	positive regulation of ERK1 and ERK2 cascade	13	0.52457364074054	1	3	10	246	944	1.11492122335496
GO:0070507	regulation of microtubule cytoskeleton organization	 5	0.276931014687328	1	2	3	247	951	1.93253012048193
GO:0070530	K63-linked polyubiquitin modification-dependent protein binding	 5	0.687054425491099	1	1	4	248	950	0.966265060240964
GO:0070536	protein K63-linked deubiquitination	 5	0.687054425491099	1	1	4	248	950	0.966265060240964
GO:0070588	calcium ion transmembrane transport	12	0.466680732869497	1	3	9	246	945	1.2078313253012
GO:0071005	U2-type precatalytic spliceosome	 5	1	1	0	5	249	949	0
GO:0071013	catalytic step 2 spliceosome	10	0.902599338169757	1	1	9	248	945	0.483132530120482
GO:0071108	protein K48-linked deubiquitination	 6	0.752099039892365	1	1	5	248	949	0.805220883534137
GO:0071222	cellular response to lipopolysaccharide	 6	0.36183135348477	1	2	4	247	950	1.61044176706827
GO:0071277	cellular response to calcium ion	 5	0.0630285838159607	1	3	2	246	952	2.89879518072289
GO:0071300	cellular response to retinoic acid	 5	1	1	0	5	249	949	0
GO:0071346	cellular response to interferon-gamma	 6	0.752099039892365	1	1	5	248	949	0.805220883534137
GO:0071356	cellular response to tumor necrosis factor	 5	1	1	0	5	249	949	0
GO:0071363	cellular response to growth factor stimulus	 6	0.36183135348477	1	2	4	247	950	1.61044176706827
GO:0071364	cellular response to epidermal growth factor stimulus	 7	0.803667410040068	1	1	6	248	948	0.690189328743546
GO:0071407	cellular response to organic cyclic compound	 6	0.36183135348477	1	2	4	247	950	1.61044176706827
GO:0071456	cellular response to hypoxia	 7	0.803667410040068	1	1	6	248	948	0.690189328743546
GO:0071526	semaphorin-plexin signaling pathway	 8	0.517540566979733	1	2	6	247	948	1.2078313253012
GO:0071805	potassium ion transmembrane transport	 6	0.752099039892365	1	1	5	248	949	0.805220883534137
GO:0072659	protein localization to plasma membrane	15	0.969852125537646	1	1	14	248	940	0.322088353413655
GO:0072686	mitotic spindle	 9	0.280019371736341	1	3	6	246	948	1.61044176706827
GO:0090090	negative regulation of canonical Wnt signaling pathway	11	0.176035306935277	1	4	7	245	947	1.75684556407448
GO:0090263	positive regulation of canonical Wnt signaling pathway	11	0.176035306935277	1	4	7	245	947	1.75684556407448
GO:0090305	nucleic acid phosphodiester bond hydrolysis	 6	0.107130337092445	1	3	3	246	951	2.41566265060241
GO:0090575	RNA polymerase II transcription factor complex	 6	0.36183135348477	1	2	4	247	950	1.61044176706827
GO:0090630	activation of GTPase activity	13	0.110440246869368	1	5	8	244	946	1.85820203892493
GO:0097421	liver regeneration	 5	0.0630285838159607	1	3	2	246	952	2.89879518072289
GO:0098609	cell-cell adhesion	 9	0.280019371736341	1	3	6	246	948	1.61044176706827
GO:0098685	Schaffer collateral - CA1 synapse	 8	0.844542673334402	1	1	7	248	947	0.603915662650602
GO:0098793	presynapse	10	0.645956324458325	1	2	8	247	946	0.966265060240964
GO:0098794	postsynapse	13	1	1	0	13	249	941	0
GO:0098839	postsynaptic density membrane	 5	1	1	0	5	249	949	0
GO:0098978	glutamatergic synapse	38	0.544186253414789	1	8	30	241	924	1.01712111604312
GO:0120163	negative regulation of cold-induced thermogenesis	 6	0.752099039892365	1	1	5	248	949	0.805220883534137
GO:1901215	negative regulation of neuron death	 6	1	1	0	6	249	948	0
GO:1903078	positive regulation of protein localization to plasma membrane	 7	0.442688819006143	1	2	5	247	949	1.38037865748709
GO:1903508	positive regulation of nucleic acid-templated transcription	 5	0.687054425491099	1	1	4	248	950	0.966265060240964
GO:1903672	positive regulation of sprouting angiogenesis	 6	0.752099039892365	1	1	5	248	949	0.805220883534137
GO:1903830	magnesium ion transmembrane transport	 5	1	1	0	5	249	949	0
GO:1904115	axon cytoplasm	 5	0.687054425491099	1	1	4	248	950	0.966265060240964
GO:1904646	cellular response to amyloid-beta	 5	0.687054425491099	1	1	4	248	950	0.966265060240964
GO:1905515	non-motile cilium assembly	 6	0.752099039892365	1	1	5	248	949	0.805220883534137
GO:1905564	positive regulation of vascular endothelial cell proliferation	 5	1	1	0	5	249	949	0
GO:1990090	cellular response to nerve growth factor stimulus	 5	1	1	0	5	249	949	0
GO:1990830	cellular response to leukemia inhibitory factor	10	0.902599338169757	1	1	9	248	945	0.483132530120482
GO:1990841	promoter-specific chromatin binding	 9	0.876935036798614	1	1	8	248	946	0.536813922356091
GO:1990904	ribonucleoprotein complex	12	1	1	0	12	249	942	0
GO:2000134	negative regulation of G1/S transition of mitotic cell cycle	 6	0.36183135348477	1	2	4	247	950	1.61044176706827
GO:2000300	regulation of synaptic vesicle exocytosis	 6	1	1	0	6	249	948	0
GO:2001224	positive regulation of neuron migration	 5	1	1	0	5	249	949	0
